suite,case_id,expected,tags,source,program_path,program_sha256
bag_lifting,choose_n02_m02,3,shape=choose;entities=2;multiplicity=2;size=2,Deterministic integer DP over entity multiplicity vectors; independent of solver encodings,choose_n02_m02.cfl,7fe1d3cc6ed5a189471e73c83592c2a8edbe3324385c091c1897210f576f240b
bag_lifting,choose_n04_m02,19,shape=choose;entities=4;multiplicity=2;size=4,Deterministic integer DP over entity multiplicity vectors; independent of solver encodings,choose_n04_m02.cfl,51212689822a214f5cd441d86e2df259f6e91532ff3affd404364236b03636f0
bag_lifting,choose_n08_m02,1107,shape=choose;entities=8;multiplicity=2;size=8,Deterministic integer DP over entity multiplicity vectors; independent of solver encodings,choose_n08_m02.cfl,d157d00fcecc1eb469f2045f064f776f37e59515e3349f64456b41194a1a0cb3
bag_lifting,choose_n16_m02,5196627,shape=choose;entities=16;multiplicity=2;size=16,Deterministic integer DP over entity multiplicity vectors; independent of solver encodings,choose_n16_m02.cfl,4dc1363de619ef7be81315ad6f7fabd574a98361d6a6dfef9eee2ca6d45760f9
bag_lifting,choose_n32_m02,159114492071763,shape=choose;entities=32;multiplicity=2;size=32,Deterministic integer DP over entity multiplicity vectors; independent of solver encodings,choose_n32_m02.cfl,d31bebc11d2b039f3680185995a385f506f4367f5e84fef5aa628a251b799aa5
bag_lifting,choose_n04_m04,85,shape=choose;entities=4;multiplicity=4;size=8,Deterministic integer DP over entity multiplicity vectors; independent of solver encodings,choose_n04_m04.cfl,19caf5dd4a8fe037dfd6acd3701e9163a7d9e738dc36a83e1ed804cb701c32d6
bag_lifting,choose_n04_m08,489,shape=choose;entities=4;multiplicity=8;size=16,Deterministic integer DP over entity multiplicity vectors; independent of solver encodings,choose_n04_m08.cfl,3af0accdf2a13245be67bb4f6894730bd977d187e4c127f660ff2c244e37ba53
bag_lifting,choose_n04_m16,3281,shape=choose;entities=4;multiplicity=16;size=32,Deterministic integer DP over entity multiplicity vectors; independent of solver encodings,choose_n04_m16.cfl,4b43ef616b902b266d2d7c4a456f08c3339631a24803033e47315ea9c6ad6101
bag_lifting,chain_n02_m02,4,shape=chain;entities=2;multiplicity=2;size=2,Deterministic integer DP over entity multiplicity vectors; independent of solver encodings,chain_n02_m02.cfl,13634e03d54e9e43ef62ffb48941a74e283cdeab0a9db94e8a57d8bd1b6ce225
bag_lifting,chain_n04_m02,72,shape=chain;entities=4;multiplicity=2;size=4,Deterministic integer DP over entity multiplicity vectors; independent of solver encodings,chain_n04_m02.cfl,354d74a2049ba318d573d8933de3eaa04d3b16391eac4cb2860222c9b5f2f0ab
bag_lifting,chain_n08_m02,33880,shape=chain;entities=8;multiplicity=2;size=8,Deterministic integer DP over entity multiplicity vectors; independent of solver encodings,chain_n08_m02.cfl,5d7d592ed2f91225a21ee6152fe4f1e90d1f0c72f65bf1999e78c7452aec651b
bag_lifting,chain_n16_m02,13892650200,shape=chain;entities=16;multiplicity=2;size=16,Deterministic integer DP over entity multiplicity vectors; independent of solver encodings,chain_n16_m02.cfl,0983687036c23eeaee1bbc63738688e65f2196cfa1391f5a5e00126972562e40
bag_lifting,chain_n32_m02,4455230052707022818520,shape=chain;entities=32;multiplicity=2;size=32,Deterministic integer DP over entity multiplicity vectors; independent of solver encodings,chain_n32_m02.cfl,559a4e1c9a11761b98f3177fccd1caa71b4bacd70e5a542cbd13432148c2d1bc
bag_lifting,chain_n04_m04,889,shape=chain;entities=4;multiplicity=4;size=8,Deterministic integer DP over entity multiplicity vectors; independent of solver encodings,chain_n04_m04.cfl,a4e792b6055a223cd4cbf4a4324e572e093336d3cf12aabdfe9c1ea33b55ed63
bag_lifting,chain_n04_m08,20361,shape=chain;entities=4;multiplicity=8;size=16,Deterministic integer DP over entity multiplicity vectors; independent of solver encodings,chain_n04_m08.cfl,65b621d7a2eb3b1ec55d80343ec9bc6a4abdfe4cb92344f23f16c6d09cd9b399
bag_lifting,chain_n04_m16,721905,shape=chain;entities=4;multiplicity=16;size=32,Deterministic integer DP over entity multiplicity vectors; independent of solver encodings,chain_n04_m16.cfl,e1edde88b2f17971572d1c9ce268bbe44b625be004acbf5cc81d9e9d8c72cd97
bag_lifting,hidden_n02_m02,10,shape=hidden;entities=2;multiplicity=2;size=2,Deterministic integer DP over entity multiplicity vectors; independent of solver encodings,hidden_n02_m02.cfl,b0bfd9c941d44bf6519c6c264750330e0beed99d2cb177772251165709aac7eb
bag_lifting,hidden_n04_m02,214,shape=hidden;entities=4;multiplicity=2;size=4,Deterministic integer DP over entity multiplicity vectors; independent of solver encodings,hidden_n04_m02.cfl,51915d715b4309ed39c88925a523ac2ce12463361bca97643588a289ed82fef5
bag_lifting,hidden_n08_m02,137638,shape=hidden;entities=8;multiplicity=2;size=8,Deterministic integer DP over entity multiplicity vectors; independent of solver encodings,hidden_n08_m02.cfl,5e841cac499a2030b213eea0c32e9e70f7a2662ddb8310aeed1b1911080d7448
bag_lifting,hidden_n16_m02,78210099718,shape=hidden;entities=16;multiplicity=2;size=16,Deterministic integer DP over entity multiplicity vectors; independent of solver encodings,hidden_n16_m02.cfl,73ad8ffb0f41c8466f76fef92bbe620c13ad00ad2c1d0ece77bb773a5b7651fe
bag_lifting,hidden_n32_m02,35113968026282798233030,shape=hidden;entities=32;multiplicity=2;size=32,Deterministic integer DP over entity multiplicity vectors; independent of solver encodings,hidden_n32_m02.cfl,8e2d049518c350ed9482141a52e49959a8ed91a28bfc894e70b109aa6a268115
bag_lifting,hidden_n04_m04,4275,shape=hidden;entities=4;multiplicity=4;size=8,Deterministic integer DP over entity multiplicity vectors; independent of solver encodings,hidden_n04_m04.cfl,9ad18147ce1ee20feb3083193c2bdcf1ba53805107a80bb9e2e2090d70e14fe4
bag_lifting,hidden_n04_m08,169653,shape=hidden;entities=4;multiplicity=8;size=16,Deterministic integer DP over entity multiplicity vectors; independent of solver encodings,hidden_n04_m08.cfl,62b4e2d20a32b5ae62c6ed494fe70a52b41843dbf527a04b90b704c96495e767
bag_lifting,hidden_n04_m16,11008809,shape=hidden;entities=4;multiplicity=16;size=32,Deterministic integer DP over entity multiplicity vectors; independent of solver encodings,hidden_n04_m16.cfl,c13d9581a3ecb1106b2a0cdc1bc22889544728b0c072dbaaa69328a56588f5b3
bag_lifting,intersection_n02_m02,4,shape=intersection;entities=2;multiplicity=2;size=2,Deterministic integer DP over entity multiplicity vectors; independent of solver encodings,intersection_n02_m02.cfl,c83d43eda6e1803846691321cb42711798ea4363f94428df4226542c19e65f0c
bag_lifting,intersection_n04_m02,168,shape=intersection;entities=4;multiplicity=2;size=4,Deterministic integer DP over entity multiplicity vectors; independent of solver encodings,intersection_n04_m02.cfl,e7145c2b0fa87d0222ff7450e707b23a753d70a9bd147878b60d6cad6d67699c
bag_lifting,intersection_n08_m02,395920,shape=intersection;entities=8;multiplicity=2;size=8,Deterministic integer DP over entity multiplicity vectors; independent of solver encodings,intersection_n08_m02.cfl,6ffd66670bdcb4301d47356d00b592d37ed5d792b4344c0c9522983d164c3bc6
bag_lifting,intersection_n16_m02,5795143445520,shape=intersection;entities=16;multiplicity=2;size=16,Deterministic integer DP over entity multiplicity vectors; independent of solver encodings,intersection_n16_m02.cfl,aef285c0dae51cd7da242f79b90486336ae849cc0e39b37d19724a843e95001e
bag_lifting,intersection_n32_m02,3253810539635980070357575440,shape=intersection;entities=32;multiplicity=2;size=32,Deterministic integer DP over entity multiplicity vectors; independent of solver encodings,intersection_n32_m02.cfl,6b1b68f45d0c1f08bd6e897bc413dfbdad22410b7e3541ce2e006e1bc9bc19a5
bag_lifting,intersection_n04_m04,1734,shape=intersection;entities=4;multiplicity=4;size=8,Deterministic integer DP over entity multiplicity vectors; independent of solver encodings,intersection_n04_m04.cfl,04bba7b447bd8e980d247d0dd98663247f140d0a1eb57706378115a9e992660d
bag_lifting,intersection_n04_m08,24426,shape=intersection;entities=4;multiplicity=8;size=16,Deterministic integer DP over entity multiplicity vectors; independent of solver encodings,intersection_n04_m08.cfl,948d7bc84ec05d2ee4f51a9e0164c74e3371ef5c7958fb3e4629e17bdc22bdb6
bag_lifting,intersection_n04_m16,449106,shape=intersection;entities=4;multiplicity=16;size=32,Deterministic integer DP over entity multiplicity vectors; independent of solver encodings,intersection_n04_m16.cfl,1b8875237e41b1ab828805c3ee5037c4fe5de1e189c4e9a4442264618d983520
bag_lifting,named_n02_m02,1,shape=named;entities=2;multiplicity=2;size=2,Deterministic integer DP over entity multiplicity vectors; independent of solver encodings,named_n02_m02.cfl,542f85aacd33a15b2936b8df05f84b56ad3b9930eacf3d8a2bac61d9bb61c63a
bag_lifting,named_n04_m02,7,shape=named;entities=4;multiplicity=2;size=4,Deterministic integer DP over entity multiplicity vectors; independent of solver encodings,named_n04_m02.cfl,3ea3ed2466a169cb63e67190a957c20916d55efcc44d1d248f1c6931e50861a2
bag_lifting,named_n08_m02,393,shape=named;entities=8;multiplicity=2;size=8,Deterministic integer DP over entity multiplicity vectors; independent of solver encodings,named_n08_m02.cfl,dc0bc4ec9383fa03f79e4929ba777e2e687a2c9693de497c4fe1e99b3a5b0423
bag_lifting,named_n16_m02,1787607,shape=named;entities=16;multiplicity=2;size=16,Deterministic integer DP over entity multiplicity vectors; independent of solver encodings,named_n16_m02.cfl,f60ae6fe16f6a8fa5439efc385fdf2fa050e48f71fe51ea640c7e7d3b31d5721
bag_lifting,fallback_n02_m02,19,shape=fallback;entities=2;multiplicity=2;size=2,Deterministic integer DP over entity multiplicity vectors; independent of solver encodings,fallback_n02_m02.cfl,9933f908cc6df8e595981901ca7dafb4dca0d0beb9123161c125f0e4636d4369
bag_lifting,fallback_n04_m02,771,shape=fallback;entities=4;multiplicity=2;size=4,Deterministic integer DP over entity multiplicity vectors; independent of solver encodings,fallback_n04_m02.cfl,6b05ce44891b43df51243df264296748fede84f117a9f384752e4d318c9f50c3
bag_lifting,fallback_n08_m02,1734931,shape=fallback;entities=8;multiplicity=2;size=8,Deterministic integer DP over entity multiplicity vectors; independent of solver encodings,fallback_n08_m02.cfl,46006e51535f9feee0e24e0383d52438b04015ecd9821b06a36f45aecaadb955
bag_lifting,fallback_n16_m02,12047551338771,shape=fallback;entities=16;multiplicity=2;size=16,Deterministic integer DP over entity multiplicity vectors; independent of solver encodings,fallback_n16_m02.cfl,870766b9c3f4d8abc483756d0db09ad49ccab46c1d1dd6fb582560b3c9f17bb9
